sample_size,num_bootstrap,plugin,act_plugin,corr,adj_corr
100,100,6.816082678416472,4.5,6.289915892138433,6.520235869761017
100,100,7.88028050721312,5.0,6.96698027562317,7.394227106282697
100,100,7.013814622740871,4.5,5.670219018377387,5.76532289306149
100,100,9.05730702841065,5.5,8.566320165118082,8.423512931049729
100,100,7.836718349015047,6.0,7.198259193488215,7.266928059807905
100,100,5.273319773983033,5.5,4.5665404626418,4.824878161420514
100,100,7.907367183210189,6.0,6.898913787130147,7.189242460825011
100,100,6.025830934533285,6.0,4.62456196080779,5.310602933967178
100,100,6.335268952973312,5.0,5.143434594464245,4.877145707958493
100,100,6.249236320014336,5.800000000000001,5.504589434005825,5.886142824093313
100,100,7.108340740470796,6.0,6.613300024077063,6.906732743950911
100,100,6.057120203057304,5.9,5.44577238487088,5.821003583816886
100,100,6.32873018092459,5.2,5.767434403686038,6.057874654777332
100,100,6.333684087482872,6.0,5.820862085108221,5.615337475295777
100,100,7.573002244181135,5.1,6.95433837239522,6.980462887625457
100,100,6.726513778899468,5.8,5.964417649233346,6.348753098111269
100,100,6.2673509199499495,4.5,5.508298429308409,5.249729093341277
100,100,8.232218200562304,5.1,7.716398215531377,7.640865181125545
100,100,6.408814412083715,5.5,5.616296076020282,5.983203802250021
100,100,7.291631617159048,5.6000000000000005,6.761496293982626,7.028722098739634
100,100,5.6211602397497265,4.5,4.531476977416354,4.457820791727723
100,100,5.481079022830273,4.5,4.532802450448363,4.9242838058399165
100,100,7.249142839216427,5.4,5.914633993795089,5.986748816208152
100,100,6.714862745142238,4.8,6.222973567481282,6.541329673846982
100,100,6.234649668074891,5.5,5.608468558615299,5.911715265826858
100,100,5.766185218342543,5.4,4.347292286174137,5.528793238844404
100,100,6.643167444084823,6.0,5.773801745614371,6.09250150926525
100,100,7.912829246526036,6.0,7.606940455191247,7.808821317769558
100,100,7.229619074087418,6.0,6.377428812479307,6.1246612518468515
100,100,5.997477503966781,5.0,4.885102479868002,5.266761237250017
100,100,6.701718024773438,5.4,5.8223023022924645,6.31809188415603
100,100,6.847388571912681,5.2,5.84656610538131,6.516349186255973
100,100,7.154592762215262,6.0,5.9883435012236275,5.973425597029204
100,100,8.424656814158116,5.0,7.99318054991491,7.82710456242422
100,100,6.924832534434172,6.0,5.996345086060979,6.587628377520209
100,100,6.359419238009916,5.0,5.650742729238257,5.537502965606378
100,100,6.799791096811047,5.6,5.617713338864095,5.573956222187039
100,100,8.161098801386654,5.5,8.11243949703797,8.068997593175052
100,100,7.347126337476743,5.9,6.36021937209432,6.541502033882089
100,100,6.7760377355955494,5.5,5.863860852209046,5.850126465353799
100,100,5.646238762382769,6.0,4.610980897612832,4.8817159923732145
100,100,8.146207413650771,4.5,7.904137866174573,7.703605979518628
100,100,7.006498953966979,5.5,5.7476781167408,5.688274584350097
100,100,7.266189985466513,5.9,6.826939654552185,7.121219766455566
100,100,5.755844977584979,4.7,4.881630616168215,5.290719958736721
100,100,6.008261302062763,4.6,4.486446488637255,5.162872993866289
100,100,6.2041822660675825,5.0,5.36222041845786,5.579706505175415
100,100,5.501405578145196,5.8,3.7451682914544424,5.001169118079298
100,100,5.862783258753835,5.6,4.579123350173449,4.703019875671847
100,100,6.1231309424527725,5.0,4.901210726000697,5.221994207701092
100,500,5.807061544064975,4.9,4.662479126323543,5.6566428598133305
100,500,7.88028050721312,5.0,7.1275799021110675,6.938951610794062
100,500,7.013814622740871,4.5,5.671354392493484,5.610811371233496
100,500,9.05730702841065,5.5,8.638891334869339,8.428643458060906
100,500,7.836718349015047,6.0,7.170458996152277,7.154163838445662
100,500,5.273319773983033,5.5,4.48418658333964,4.908044349800885
100,500,7.907367183210189,6.0,6.927967226781296,7.073567818941643
100,500,6.025830934533285,6.0,4.614495018473553,5.255022878210289
100,500,6.335268952973312,5.0,5.013166925431886,4.806129652225762
100,500,6.249236320014336,5.800000000000001,5.44784614874136,5.862776360665752
100,500,7.108340740470796,6.0,6.532249864312956,6.8748618557574
100,500,6.057120203057304,5.9,5.559750898381037,5.747396157217864
100,500,6.32873018092459,5.2,5.688107711336718,5.992400837695251
100,500,6.333684087482872,6.0,5.672415436471572,5.699249415534624
100,500,7.573002244181135,5.1,7.04470264863669,7.0643378850658785
100,500,6.726513778899468,5.8,5.930939999523759,6.623828086545578
100,500,6.2673509199499495,4.5,5.502084162317215,5.3930793787542814
100,500,8.232218200562304,5.1,7.613298070389325,7.78531300719699
100,500,6.408814412083715,5.5,5.630764277720084,5.987730181910216
100,500,7.291631617159048,5.6000000000000005,6.567669781199042,7.099215681034414
100,500,5.6211602397497265,4.5,4.484815051291044,4.539003053646012
100,500,5.481079022830273,4.5,4.450632859906108,4.837269509569536
100,500,7.249142839216427,5.4,5.870232304001476,6.153867849383753
100,500,6.714862745142238,4.8,6.224009587261975,6.488453566568129
100,500,6.234649668074891,5.5,5.63630648520943,5.96676543220548
100,500,5.766185218342543,5.4,4.372272515729461,5.155481664248812
100,500,6.643167444084823,6.0,5.663502853913441,6.135536081299618
100,500,7.912829246526036,6.0,7.467473016141643,7.856359963160492
100,500,7.229619074087418,6.0,6.223974279373081,5.902391074075899
100,500,5.997477503966781,5.0,4.871146855932757,5.391414186812986
100,500,6.701718024773438,5.4,5.756259459679284,6.106759108201018
100,500,6.847388571912681,5.2,5.829974184258976,6.332794298254471
100,500,7.154592762215262,6.0,6.085007106213908,5.798932170380004
100,500,8.424656814158116,5.0,7.938566819428092,7.763731066434637
100,500,6.924832534434172,6.0,5.923573302392747,6.661165269243836
100,500,6.359419238009916,5.0,5.5436259053251415,5.524109079552693
100,500,6.799791096811047,5.6,5.598735668733754,5.532820220099505
100,500,8.161098801386654,5.5,7.964289081695573,8.066026686256246
100,500,7.347126337476743,5.9,6.398542436275225,6.428949885163982
100,500,6.7760377355955494,5.5,5.85021948426215,6.166752768115654
100,500,5.646238762382769,6.0,4.548103686610109,4.9258521239175295
100,500,8.146207413650771,4.5,7.859026633630093,7.634203754592608
100,500,7.006498953966979,5.5,5.675086266354766,5.587903992112422
100,500,7.266189985466513,5.9,6.70418920777044,6.84488463144373
100,500,5.755844977584979,4.7,4.850840233974091,5.262990383266871
100,500,6.008261302062763,4.6,4.578520449845108,4.779427211451475
100,500,6.2041822660675825,5.0,5.312170884296112,5.564681503645746
100,500,5.501405578145196,5.8,3.773164060639199,5.373292667109917
100,500,5.862783258753835,5.6,4.581368403847442,4.627399841347946
100,500,6.1231309424527725,5.0,4.9902983562023815,5.017754812976914
100,1000,5.59226382348797,6.0,4.359709987809646,4.78954560617962
100,1000,7.88028050721312,5.0,7.083023759263632,7.008693856292478
100,1000,7.013814622740871,4.5,5.676547085679089,5.57643788414318
100,1000,9.05730702841065,5.5,8.62825822558456,8.438391129931887
100,1000,7.836718349015047,6.0,7.188683051868477,7.0474836254674464
100,1000,5.273319773983033,5.5,4.4714827227489105,4.976676394940846
100,1000,7.907367183210189,6.0,6.963271026470284,7.067388943546431
100,1000,6.025830934533285,6.0,4.5992533878172095,5.223854803386106
100,1000,6.335268952973312,5.0,5.005663678378475,4.769500330532081
100,1000,6.249236320014336,5.800000000000001,5.448024623532325,5.857775781640823
100,1000,7.108340740470796,6.0,6.555976114400543,6.844948079873993
100,1000,6.057120203057304,5.9,5.579942475117859,5.750980788498482
100,1000,6.32873018092459,5.2,5.70639981296488,5.930042522897498
100,1000,6.333684087482872,6.0,5.692758021766427,5.702172297589537
100,1000,7.573002244181135,5.1,6.9900175381977725,7.247194170303992
100,1000,6.726513778899468,5.8,5.960125460463114,6.603804763851238
100,1000,6.2673509199499495,4.5,5.531223762844768,5.360096018580574
100,1000,8.232218200562304,5.1,7.612711446608096,7.652562839872338
100,1000,6.408814412083715,5.5,5.65409709107609,5.981046029423856
100,1000,7.291631617159048,5.6000000000000005,6.592864068275302,7.196702018693176
100,1000,5.6211602397497265,4.5,4.502481877250979,4.41363981240497
100,1000,5.481079022830273,4.5,4.449110589523944,4.731610060997596
100,1000,7.249142839216427,5.4,5.891919510479316,6.1052671358392505
100,1000,6.714862745142238,4.8,6.265310056796009,6.4655760494187025
100,1000,6.234649668074891,5.5,5.618005357195429,6.029840483525034
100,1000,5.766185218342543,5.4,4.335081445285414,5.128049126937797
100,1000,6.643167444084823,6.0,5.677747511501526,6.129203334412242
100,1000,7.912829246526036,6.0,7.456630128345478,7.840283902018151
100,1000,7.229619074087418,6.0,6.1542071793144295,6.064502339442599
100,1000,5.997477503966781,5.0,4.890512595141745,5.488582996077226
100,1000,6.701718024773438,5.4,5.7823710735282345,6.125879700580141
100,1000,6.847388571912681,5.2,5.835094893897602,6.350225846707454
100,1000,7.154592762215262,6.0,6.0837865677567216,5.8682640618365385
100,1000,8.424656814158116,5.0,7.936604601564763,7.898320742681803
100,1000,6.924832534434172,6.0,5.944992589616284,6.614158085100814
100,1000,6.359419238009916,5.0,5.501369855291346,5.540249861985304
100,1000,6.799791096811047,5.6,5.619349297625019,5.714299901061569
100,1000,8.161098801386654,5.5,7.978702271241584,8.05957393065779
100,1000,7.347126337476743,5.9,6.386732020486922,6.3385093168070865
100,1000,6.7760377355955494,5.5,5.863853113580567,6.1438879486641
100,1000,5.646238762382769,6.0,4.552088096302132,5.138360512779267
100,1000,8.146207413650771,4.5,7.8417545646809765,7.716768781621664
100,1000,7.006498953966979,5.5,5.641749793204217,5.7246000043885825
100,1000,7.266189985466513,5.9,6.650009440700787,6.901876351691433
100,1000,5.755844977584979,4.7,4.877023906242221,5.344968867276298
100,1000,6.008261302062763,4.6,4.6122576817806635,4.763574035667844
100,1000,6.2041822660675825,5.0,5.32679013641494,5.630092741132207
100,1000,5.501405578145196,5.8,3.8207384200345933,5.1743530901458366
100,1000,5.862783258753835,5.6,4.593371431899452,4.584795414167386
100,1000,6.1231309424527725,5.0,5.033047021162474,5.026391364235137
100,2000,7.140282154226295,5.1,6.002492348984717,6.3809211827064
100,2000,7.88028050721312,5.0,7.1027868510357735,7.010842415240061
100,2000,7.013814622740871,4.5,5.68417753471489,5.57525457017952
100,2000,9.05730702841065,5.5,8.641535685724849,8.489817308491501
100,2000,7.836718349015047,6.0,7.168163824099826,7.112282544123762
100,2000,5.273319773983033,5.5,4.476251379176535,4.965935425725737
100,2000,7.907367183210189,6.0,6.97082953384584,7.035950052205906
100,2000,6.025830934533285,6.0,4.601189433968565,5.2387300127366085
100,2000,6.335268952973312,5.0,5.001256020680817,4.685477344518386
100,2000,6.249236320014336,5.800000000000001,5.4600155094701,5.879782599726711
100,2000,7.108340740470796,6.0,6.57812825896722,6.8132918691439235
100,2000,6.057120203057304,5.9,5.572698679224354,5.702064243382441
100,2000,6.32873018092459,5.2,5.729416321179252,6.039492679755142
100,2000,6.333684087482872,6.0,5.682105844624485,5.602143777495904
100,2000,7.573002244181135,5.1,7.0091788395539245,7.200170059306952
100,2000,6.726513778899468,5.8,5.9563937883938625,6.629249677933771
100,2000,6.2673509199499495,4.5,5.5205219483428785,5.31331975085603
100,2000,8.232218200562304,5.1,7.558665422233156,7.815255397037324
100,2000,6.408814412083715,5.5,5.640551703089782,5.917165191611522
100,2000,7.291631617159048,5.6000000000000005,6.6486623817485775,7.136838109742539
100,2000,5.6211602397497265,4.5,4.486758492735506,4.503411756432201
100,2000,5.481079022830273,4.5,4.427275487989725,4.759817823213081
100,2000,7.249142839216427,5.4,5.883853353068461,6.115553736325252
100,2000,6.714862745142238,4.8,6.252460581546547,6.469714081842895
100,2000,6.234649668074891,5.5,5.629893787657844,6.023186885993502
100,2000,5.766185218342543,5.4,4.319990190161572,5.160007507444087
100,2000,6.643167444084823,6.0,5.66084387562135,6.1298463048205445
100,2000,7.912829246526036,6.0,7.424091758519264,7.836084623116585
100,2000,7.229619074087418,6.0,6.1377821620337825,6.006603166289697
100,2000,5.997477503966781,5.0,4.905633154591014,5.446424374137234
100,2000,6.701718024773438,5.4,5.798219402175107,6.0312186822627005
100,2000,6.847388571912681,5.2,5.815120334276114,6.298106914734501
100,2000,7.154592762215262,6.0,6.079725444166563,5.850031642201664
100,2000,8.424656814158116,5.0,7.973158010143878,7.857016866530727
100,2000,6.924832534434172,6.0,5.932575680760992,6.625532462746293
100,2000,6.359419238009916,5.0,5.46413885229034,5.514794201410202
100,2000,6.799791096811047,5.6,5.642938079757075,5.56142561958037
100,2000,8.161098801386654,5.5,7.977293363084017,8.034859127758564
100,2000,7.347126337476743,5.9,6.367307923286168,6.472447685881853
100,2000,6.7760377355955494,5.5,5.869145435639561,6.130513301427178
100,2000,5.646238762382769,6.0,4.607542628045989,5.070024230735571
100,2000,8.146207413650771,4.5,7.860493397932336,7.741442150453999
100,2000,7.006498953966979,5.5,5.644723929572224,5.769192048534583
100,2000,7.266189985466513,5.9,6.654015663880132,6.829530731279457
100,2000,5.755844977584979,4.7,4.861946723133118,5.378229483418627
100,2000,6.008261302062763,4.6,4.600684316630741,4.725300039136863
100,2000,6.2041822660675825,5.0,5.342433818330934,5.58243618954464
100,2000,5.501405578145196,5.8,3.817606617433932,5.284191603859175
100,2000,5.862783258753835,5.6,4.551358799658984,4.665402615618336
100,2000,6.1231309424527725,5.0,5.054667224326968,5.112177166393108
100,3000,5.291236288707334,5.0,4.191592575200142,4.334880258588179
100,3000,7.88028050721312,5.0,7.104494186037832,7.012818824823968
100,3000,7.013814622740871,4.5,5.698166654894737,5.547607738772917
100,3000,9.05730702841065,5.5,8.652113632239999,8.462419820577637
100,3000,7.836718349015047,6.0,7.15114836831983,7.1406578601665025
100,3000,5.273319773983033,5.5,4.451674760723325,4.964861274697146
100,3000,7.907367183210189,6.0,6.9528735586236525,7.027844422398337
100,3000,6.025830934533285,6.0,4.602696586253982,5.2634301306385485
100,3000,6.335268952973312,5.0,4.998893404971964,4.59056106651049
100,3000,6.249236320014336,5.800000000000001,5.470235645135264,5.879340784848155
100,3000,7.108340740470796,6.0,6.576256373761196,6.821054704568354
100,3000,6.057120203057304,5.9,5.569488676425271,5.741044093505438
100,3000,6.32873018092459,5.2,5.742296368496029,6.019796792763768
100,3000,6.333684087482872,6.0,5.688843426370237,5.657202791903674
100,3000,7.573002244181135,5.1,7.020981260824366,7.229559060311801
100,3000,6.726513778899468,5.8,5.956493154228088,6.612018908601753
100,3000,6.2673509199499495,4.5,5.511854063625034,5.351991699504016
100,3000,8.232218200562304,5.1,7.556455925212304,7.797477495850931
100,3000,6.408814412083715,5.5,5.633010196488979,5.931973509692314
100,3000,7.291631617159048,5.6000000000000005,6.655635503556846,7.171174889101084
100,3000,5.6211602397497265,4.5,4.493597457714985,4.516722291137079
100,3000,5.481079022830273,4.5,4.410923439835164,4.797042203009664
100,3000,7.249142839216427,5.4,5.87855179155553,6.144595537661461
100,3000,6.714862745142238,4.8,6.248228754372578,6.450157886262402
100,3000,6.234649668074891,5.5,5.647862634351712,6.0146391552696485
100,3000,5.766185218342543,5.4,4.303639477226529,5.183701573278552
100,3000,6.643167444084823,6.0,5.659785132378703,6.14768017506231
100,3000,7.912829246526036,6.0,7.418743948354196,7.842761988372282
100,3000,7.229619074087418,6.0,6.131042602689609,6.041151412039079
100,3000,5.997477503966781,5.0,4.909746164558428,5.501453594170779
100,3000,6.701718024773438,5.4,5.798966776718347,6.04707323939714
100,3000,6.847388571912681,5.2,5.823388792690301,6.2997597687716205
100,3000,7.154592762215262,6.0,6.082240053516699,5.814044679550645
100,3000,8.424656814158116,5.0,7.955895174817837,7.89418243385682
100,3000,6.924832534434172,6.0,5.938920515013889,6.607495263871384
100,3000,6.359419238009916,5.0,5.459042534775934,5.524259050941158
100,3000,6.799791096811047,5.6,5.626353135933793,5.598420628834615
100,3000,8.161098801386654,5.5,7.968211118383998,8.037508601981667
100,3000,7.347126337476743,5.9,6.376577568693167,6.423479497374391
100,3000,6.7760377355955494,5.5,5.859153952790725,6.123863437683681
100,3000,5.646238762382769,6.0,4.603154594036589,5.118571804391747
100,3000,8.146207413650771,4.5,7.872853598779533,7.735113373411115
100,3000,7.006498953966979,5.5,5.649919522906085,5.761065546703544
100,3000,7.266189985466513,5.9,6.640048667131493,6.842808103636561
100,3000,5.755844977584979,4.7,4.868987059947334,5.347599744454844
100,3000,6.008261302062763,4.6,4.607070602529654,4.723296511149642
100,3000,6.2041822660675825,5.0,5.358744134106756,5.59104110779122
100,3000,5.501405578145196,5.8,3.8422405148321586,5.27203951051747
100,3000,5.862783258753835,5.6,4.538925141444524,4.660895639380996
100,3000,6.1231309424527725,5.0,5.090145834367638,5.0624076478150615
100,4000,5.350226430317513,5.8,4.369044374401508,4.812895433131372
100,4000,7.88028050721312,5.0,7.104678049785514,6.998707667155264
100,4000,7.013814622740871,4.5,5.6895260428827,5.570357357932168
100,4000,9.05730702841065,5.5,8.658620086916551,8.452226518718126
100,4000,7.836718349015047,6.0,7.147127837456744,7.115196210978946
100,4000,5.273319773983033,5.5,4.450392917453378,4.956376568771527
100,4000,7.907367183210189,6.0,6.966295660956745,7.010771745912707
100,4000,6.025830934533285,6.0,4.594577269587267,5.214599149238012
100,4000,6.335268952973312,5.0,5.001723997948641,4.6071188416715305
100,4000,6.249236320014336,5.800000000000001,5.468142594925051,5.895137593927546
100,4000,7.108340740470796,6.0,6.5701756252950965,6.835485446713334
100,4000,6.057120203057304,5.9,5.5668628692556785,5.732583623574843
100,4000,6.32873018092459,5.2,5.747352304461196,5.987636258744328
100,4000,6.333684087482872,6.0,5.664505994335666,5.718283749649807
100,4000,7.573002244181135,5.1,7.015713285727561,7.257282332794395
100,4000,6.726513778899468,5.8,5.964716491588632,6.594429910206833
100,4000,6.2673509199499495,4.5,5.5135415969754185,5.38180182167661
100,4000,8.232218200562304,5.1,7.569479625788304,7.767418005290107
100,4000,6.408814412083715,5.5,5.614081277022741,5.947893285169139
100,4000,7.291631617159048,5.6000000000000005,6.653139925067161,7.1794299362801
100,4000,5.6211602397497265,4.5,4.504273507692325,4.48136369414177
100,4000,5.481079022830273,4.5,4.413271974353757,4.816489405390395
100,4000,7.249142839216427,5.4,5.868628330063153,6.099315075446971
100,4000,6.714862745142238,4.8,6.247271901457325,6.4550460009798805
100,4000,6.234649668074891,5.5,5.654368223478454,6.0119796482696914
100,4000,5.766185218342543,5.4,4.307910851507357,5.173012123911711
100,4000,6.643167444084823,6.0,5.657557883248246,6.148637711721361
100,4000,7.912829246526036,6.0,7.423485622875538,7.847090930398649
100,4000,7.229619074087418,6.0,6.123035168025147,6.06235186397442
100,4000,5.997477503966781,5.0,4.919285133922772,5.471329984945171
100,4000,6.701718024773438,5.4,5.793584761411716,6.061944715257723
100,4000,6.847388571912681,5.2,5.823871928997631,6.327427960041019
100,4000,7.154592762215262,6.0,6.0831965271245,5.83143464524185
100,4000,8.424656814158116,5.0,7.950906602165557,7.909301623956679
100,4000,6.924832534434172,6.0,5.935036206583647,6.604308356810261
100,4000,6.359419238009916,5.0,5.444630088151707,5.532951382771741
100,4000,6.799791096811047,5.6,5.614930659158993,5.6454031359888495
100,4000,8.161098801386654,5.5,7.957631675518141,8.054225857806461
100,4000,7.347126337476743,5.9,6.385645634211605,6.433731664066415
100,4000,6.7760377355955494,5.5,5.859718269352284,6.125819078970894
100,4000,5.646238762382769,6.0,4.605005268085976,5.1076504423607725
100,4000,8.146207413650771,4.5,7.87240508708326,7.733780372515863
100,4000,7.006498953966979,5.5,5.653567420767806,5.774631088596641
100,4000,7.266189985466513,5.9,6.642399925020668,6.837117447662087
100,4000,5.755844977584979,4.7,4.873111198539574,5.339529632530367
100,4000,6.008261302062763,4.6,4.600571447017646,4.74135195782744
100,4000,6.2041822660675825,5.0,5.357208787786461,5.592285388457691
100,4000,5.501405578145196,5.8,3.858241819476884,5.236154508474295
100,4000,5.862783258753835,5.6,4.547543913437517,4.639364703973577
100,4000,6.1231309424527725,5.0,5.087132324587876,5.060255732765017
100,5000,6.474658739789853,5.4,5.63320467193606,5.729402697646212
100,5000,7.88028050721312,5.0,7.09345383543511,7.0069808669837315
100,5000,7.013814622740871,4.5,5.687543841947039,5.575426757275087
100,5000,9.05730702841065,5.5,8.657176958489543,8.466223363082648
100,5000,7.836718349015047,6.0,7.155535040762559,7.1289454853898695
100,5000,5.273319773983033,5.5,4.442863577349568,4.960662735811911
100,5000,7.907367183210189,6.0,6.971773750282015,6.9878527487182165
100,5000,6.025830934533285,6.0,4.595585483969623,5.215742265979842
100,5000,6.335268952973312,5.0,5.004705246530884,4.650123055286626
100,5000,6.249236320014336,5.800000000000001,5.480081971617252,5.876382176200675
100,5000,7.108340740470796,6.0,6.581278066262129,6.839493591904019
100,5000,6.057120203057304,5.9,5.570044848730605,5.71605802966351
100,5000,6.32873018092459,5.2,5.74659841364697,5.979797540590155
100,5000,6.333684087482872,6.0,5.674360962807513,5.692900735180227
100,5000,7.573002244181135,5.1,7.010850853660859,7.233745522931902
100,5000,6.726513778899468,5.8,5.957667170121856,6.614651145321403
100,5000,6.2673509199499495,4.5,5.518954269388912,5.375897136518562
100,5000,8.232218200562304,5.1,7.5735828385591155,7.760105674597127
100,5000,6.408814412083715,5.5,5.6163778360123775,5.952833907176358
100,5000,7.291631617159048,5.6000000000000005,6.654905551126363,7.177540580342016
100,5000,5.6211602397497265,4.5,4.5104373521024375,4.474442456626699
100,5000,5.481079022830273,4.5,4.412238890390035,4.798029016120791
100,5000,7.249142839216427,5.4,5.877740612599839,6.11326172849215
100,5000,6.714862745142238,4.8,6.2483752057605395,6.448693038172618
100,5000,6.234649668074891,5.5,5.640635555387164,6.0163828810864395
100,5000,5.766185218342543,5.4,4.314627774450074,5.196250098778526
100,5000,6.643167444084823,6.0,5.661965593109869,6.155259687060627
100,5000,7.912829246526036,6.0,7.432952973449672,7.844779156055042
100,5000,7.229619074087418,6.0,6.124463605108743,6.067784507565049
100,5000,5.997477503966781,5.0,4.928342995506354,5.457303882969957
100,5000,6.701718024773438,5.4,5.795547441538902,6.059070983690637
100,5000,6.847388571912681,5.2,5.816835384595077,6.328596323688402
100,5000,7.154592762215262,6.0,6.07958531517307,5.844164967501861
100,5000,8.424656814158116,5.0,7.9634707827072875,7.905228168464775
100,5000,6.924832534434172,6.0,5.930849728261398,6.616925649856958
100,5000,6.359419238009916,5.0,5.440045451905679,5.520286804421803
100,5000,6.799791096811047,5.6,5.612139160116357,5.625942589746575
100,5000,8.161098801386654,5.5,7.953664207206057,8.047566289453165
100,5000,7.347126337476743,5.9,6.385594203823481,6.442347232422885
100,5000,6.7760377355955494,5.5,5.858928998061886,6.132987524632459
100,5000,5.646238762382769,6.0,4.605735162560782,5.078819247628409
100,5000,8.146207413650771,4.5,7.8745107001642625,7.717942774915579
100,5000,7.006498953966979,5.5,5.655828944343003,5.75714082934718
100,5000,7.266189985466513,5.9,6.628120414877518,6.838307395835267
100,5000,5.755844977584979,4.7,4.874674351025396,5.3402828918459555
100,5000,6.008261302062763,4.6,4.604702212446767,4.796211590158379
100,5000,6.2041822660675825,5.0,5.3590673077009665,5.611120648319255
100,5000,5.501405578145196,5.8,3.866838723176193,5.210863187945609
100,5000,5.862783258753835,5.6,4.5450089474018425,4.664841346370585
100,5000,6.1231309424527725,5.0,5.083968822636835,5.058883959993094
100,10000,6.709262125219022,4.5,5.394148494982559,5.473027620103192
100,10000,7.88028050721312,5.0,7.08685999878723,6.996114817454421
100,10000,7.013814622740871,4.5,5.684589069056043,5.567708233995035
100,10000,9.05730702841065,5.5,8.655753020631233,8.446824781667333
100,10000,7.836718349015047,6.0,7.154618592703732,7.135838609409425
100,10000,5.273319773983033,5.5,4.448888144772341,4.974116992591302
100,10000,7.907367183210189,6.0,6.950117306408137,7.0106306374599345
100,10000,6.025830934533285,6.0,4.596031359151473,5.220226858800045
100,10000,6.335268952973312,5.0,4.997589719470016,4.700822947846623
100,10000,6.249236320014336,5.800000000000001,5.4688859298815835,5.871300965006985
100,10000,7.108340740470796,6.0,6.58748510800019,6.835180631029174
100,10000,6.057120203057304,5.9,5.565395585361737,5.731736699839579
100,10000,6.32873018092459,5.2,5.750487914649071,6.002396274326948
100,10000,6.333684087482872,6.0,5.677561739795055,5.651827470912965
100,10000,7.573002244181135,5.1,7.030278633132764,7.194303058308817
100,10000,6.726513778899468,5.8,5.951692458905985,6.6011624889264695
100,10000,6.2673509199499495,4.5,5.515676426900526,5.376841396985409
100,10000,8.232218200562304,5.1,7.58511918639313,7.750878000902111
100,10000,6.408814412083715,5.5,5.620687894175419,5.953556844591989
100,10000,7.291631617159048,5.6000000000000005,6.65293168748516,7.16915222470689
100,10000,5.6211602397497265,4.5,4.503980469976008,4.494287845354835
100,10000,5.481079022830273,4.5,4.414519077467261,4.764697654764416
100,10000,7.249142839216427,5.4,5.874512636844866,6.133675909047433
100,10000,6.714862745142238,4.8,6.250685645397448,6.459007151059274
100,10000,6.234649668074891,5.5,5.64184946719711,5.999927253298018
100,10000,5.766185218342543,5.4,4.3151892398321925,5.2278513919809475
100,10000,6.643167444084823,6.0,5.661879327714288,6.151460929083392
100,10000,7.912829246526036,6.0,7.445097913324435,7.842674392694889
100,10000,7.229619074087418,6.0,6.144882517308763,6.021142721342368
100,10000,5.997477503966781,5.0,4.928831232420808,5.462333779934314
100,10000,6.701718024773438,5.4,5.787924363575409,6.0611281309927385
100,10000,6.847388571912681,5.2,5.8129495934312585,6.319804979485374
100,10000,7.154592762215262,6.0,6.081254942242712,5.8549941125355645
100,10000,8.424656814158116,5.0,7.985423249511136,7.871473495022933
100,10000,6.924832534434172,6.0,5.911389923690684,6.6258127370303335
100,10000,6.359419238009916,5.0,5.44861094785167,5.535626741276242
100,10000,6.799791096811047,5.6,5.606757622841464,5.6556769843616355
100,10000,8.161098801386654,5.5,7.958289980583909,8.057534460701628
100,10000,7.347126337476743,5.9,6.389166267225835,6.446692531070599
100,10000,6.7760377355955494,5.5,5.859755316301208,6.13701951773584
100,10000,5.646238762382769,6.0,4.598113292485777,5.0847214915390015
100,10000,8.146207413650771,4.5,7.876674092727775,7.708287056788001
100,10000,7.006498953966979,5.5,5.648142762662,5.783371225378941
100,10000,7.266189985466513,5.9,6.62267019252684,6.858128048077868
100,10000,5.755844977584979,4.7,4.864375945677805,5.342607262448624
100,10000,6.008261302062763,4.6,4.606682155020354,4.752252925506747
100,10000,6.2041822660675825,5.0,5.357145909569306,5.633006852636124
100,10000,5.501405578145196,5.8,3.85243049335452,5.2717454717180185
100,10000,5.862783258753835,5.6,4.560829249338787,4.641431286752165
100,10000,6.1231309424527725,5.0,5.087508972823344,5.021280618297949
100,15000,6.123898660908058,5.0,5.334419183602513,5.514880995605247
100,15000,7.88028050721312,5.0,7.08680260359912,7.013162714174303
100,15000,7.013814622740871,4.5,5.681330052056491,5.578483689472158
100,15000,9.05730702841065,5.5,8.660202465663776,8.44059955991655
100,15000,7.836718349015047,6.0,7.160982158632591,7.108917291834554
100,15000,5.273319773983033,5.5,4.453675897872003,4.964744847033171
100,15000,7.907367183210189,6.0,6.955445635472616,6.996690778816834
100,15000,6.025830934533285,6.0,4.60175169397141,5.210465927362429
100,15000,6.335268952973312,5.0,4.999146411690322,4.668331272033392
100,15000,6.249236320014336,5.800000000000001,5.471756899870103,5.869660644280603
100,15000,7.108340740470796,6.0,6.588825267581075,6.8191576805321565
100,15000,6.057120203057304,5.9,5.5676853934037,5.731162890431232
100,15000,6.32873018092459,5.2,5.7559627509313485,5.996709324595533
100,15000,6.333684087482872,6.0,5.67650915576892,5.663849660306901
100,15000,7.573002244181135,5.1,7.025418886740345,7.208916396258985
100,15000,6.726513778899468,5.8,5.952069778703154,6.605317134285663
100,15000,6.2673509199499495,4.5,5.516188617810761,5.3606038763984944
100,15000,8.232218200562304,5.1,7.579569664705359,7.758770068614833
100,15000,6.408814412083715,5.5,5.617139242380672,5.951159838460588
100,15000,7.291631617159048,5.6000000000000005,6.668152861654307,7.164712497186315
100,15000,5.6211602397497265,4.5,4.506444658749998,4.479801560884068
100,15000,5.481079022830273,4.5,4.413106351141826,4.795310876682978
100,15000,7.249142839216427,5.4,5.87908525440853,6.166061188277694
100,15000,6.714862745142238,4.8,6.252439938613591,6.448391037547107
100,15000,6.234649668074891,5.5,5.641188447449796,6.002010515437512
100,15000,5.766185218342543,5.4,4.328501105136301,5.201999172577657
100,15000,6.643167444084823,6.0,5.661222200321026,6.157091623762872
100,15000,7.912829246526036,6.0,7.449092608928666,7.844287071339561
100,15000,7.229619074087418,6.0,6.134145397896828,6.056698522010479
100,15000,5.997477503966781,5.0,4.927385793303634,5.438668023777216
100,15000,6.701718024773438,5.4,5.794524583009289,6.0628835357402915
100,15000,6.847388571912681,5.2,5.8170022902914695,6.327233039681966
100,15000,7.154592762215262,6.0,6.084118973225768,5.830569039009221
100,15000,8.424656814158116,5.0,7.983548727849911,7.8794913123466985
100,15000,6.924832534434172,6.0,5.904286046971373,6.620678722738292
100,15000,6.359419238009916,5.0,5.448856923615979,5.534918753614663
100,15000,6.799791096811047,5.6,5.594039532983158,5.6766079767529325
100,15000,8.161098801386654,5.5,7.961110422413439,8.048256137735526
100,15000,7.347126337476743,5.9,6.390221404399333,6.462924834126074
100,15000,6.7760377355955494,5.5,5.861551169695236,6.135695083331983
100,15000,5.646238762382769,6.0,4.591490231517074,5.062736203278855
100,15000,8.146207413650771,4.5,7.874534349220352,7.709569955782555
100,15000,7.006498953966979,5.5,5.656589413174981,5.7732342414384625
100,15000,7.266189985466513,5.9,6.625409839738411,6.866488747751451
100,15000,5.755844977584979,4.7,4.852193518293474,5.329214958741818
100,15000,6.008261302062763,4.6,4.600972253198264,4.8168636601483685
100,15000,6.2041822660675825,5.0,5.351031357027897,5.612149740948574
100,15000,5.501405578145196,5.8,3.8397549939248696,5.27556341725788
100,15000,5.862783258753835,5.6,4.557463774941904,4.638146409832643
100,15000,6.1231309424527725,5.0,5.075081600644353,5.028839714274216
100,20000,6.904481534603973,4.8,5.601212456911496,6.314202515375191
100,20000,7.88028050721312,5.0,7.081576706923274,7.001684677992495
100,20000,7.013814622740871,4.5,5.684919036974811,5.58095853611432
100,20000,9.05730702841065,5.5,8.657115007882096,8.444458514229892
100,20000,7.836718349015047,6.0,7.1589704132897145,7.131132202744053
100,20000,5.273319773983033,5.5,4.451206217433053,4.957559547150448
100,20000,7.907367183210189,6.0,6.95034608867452,6.996947672728948
100,20000,6.025830934533285,6.0,4.60339200134359,5.2207744001214
100,20000,6.335268952973312,5.0,4.999327626710504,4.648578742484229
100,20000,6.249236320014336,5.800000000000001,5.469711072805124,5.876988463218443
100,20000,7.108340740470796,6.0,6.59161030219648,6.826254782574323
100,20000,6.057120203057304,5.9,5.564271373833459,5.741129338919476
100,20000,6.32873018092459,5.2,5.755261611840401,6.004658936788209
100,20000,6.333684087482872,6.0,5.677815074052023,5.660622201054841
100,20000,7.573002244181135,5.1,7.019966289279084,7.214773067198693
100,20000,6.726513778899468,5.8,5.951496625377721,6.59769132737375
100,20000,6.2673509199499495,4.5,5.5161321926865154,5.359065178030174
100,20000,8.232218200562304,5.1,7.582960191963744,7.7633416732420315
100,20000,6.408814412083715,5.5,5.617520955892768,5.957464862929503
100,20000,7.291631617159048,5.6000000000000005,6.6696189145850875,7.170324525118881
100,20000,5.6211602397497265,4.5,4.510200598004213,4.4825372212088705
100,20000,5.481079022830273,4.5,4.413655532830454,4.793945933503942
100,20000,7.249142839216427,5.4,5.889538431162865,6.1659136671010275
100,20000,6.714862745142238,4.8,6.252601333330437,6.453920486288754
100,20000,6.234649668074891,5.5,5.636731274761944,5.997516933082985
100,20000,5.766185218342543,5.4,4.330252211307294,5.198109508347477
100,20000,6.643167444084823,6.0,5.6640776139633795,6.160663567475304
100,20000,7.912829246526036,6.0,7.4364058965562965,7.842690037162653
100,20000,7.229619074087418,6.0,6.1314093038192095,6.04926061633082
100,20000,5.997477503966781,5.0,4.923238617403022,5.44904525655509
100,20000,6.701718024773438,5.4,5.790949328533169,6.08806549998081
100,20000,6.847388571912681,5.2,5.815294500740989,6.3161888884153035
100,20000,7.154592762215262,6.0,6.0850479660777,5.810538474287354
100,20000,8.424656814158116,5.0,7.98204901256064,7.862510466481627
100,20000,6.924832534434172,6.0,5.903232567457576,6.6171810627530245
100,20000,6.359419238009916,5.0,5.452081344131586,5.520126253545016
100,20000,6.799791096811047,5.6,5.598128334900318,5.661072264125852
100,20000,8.161098801386654,5.5,7.960331480775588,8.049860476921285
100,20000,7.347126337476743,5.9,6.396723260059376,6.442866587598131
100,20000,6.7760377355955494,5.5,5.865722576463136,6.135999250399698
100,20000,5.646238762382769,6.0,4.592285257182857,5.078964878995496
100,20000,8.146207413650771,4.5,7.8735226331154236,7.713183564622212
100,20000,7.006498953966979,5.5,5.658285563911022,5.772390062937928
100,20000,7.266189985466513,5.9,6.622024762230021,6.860280991215879
100,20000,5.755844977584979,4.7,4.852885017716822,5.316262451130078
100,20000,6.008261302062763,4.6,4.60223577316449,4.830971301256396
100,20000,6.2041822660675825,5.0,5.353263765304075,5.605662300460901
100,20000,5.501405578145196,5.8,3.839708878549946,5.2693269451411995
100,20000,5.862783258753835,5.6,4.556855485929652,4.64559927246408
100,20000,6.1231309424527725,5.0,5.0730397902222295,5.029860853590774
